{"frame_count": 130, "data": [[[1.0, -0.0, 0.0, 0.0], [0.0, 1.0, -0.0, 0.0], [0.0, 0.0, 1.0, 0.0], [0.0, 0.0, 0.0, 1.0], [0.0, 0.0, 0.0]], [[1.0, -0.0, 0.0, 0.0], [0.0, 1.0, -0.0, 0.0], [0.0, 0.0, 1.0, 0.0], [0.0, 0.0, 0.0, 1.0], [0.02405598573386669, 0.02405598573386669, 0.016316749155521393]], [[1.0, -0.0, 0.0, 0.0], [0.0, 1.0, -0.0, 0.0], [0.0, 0.0, 1.0, 0.0], [0.0, 0.0, 0.0, 1.0], [0.09272488951683044, 0.09272488951683044, 0.06289365142583847]], [[1.0, -0.0, 0.0, 0.0], [0.0, 1.0, -0.0, 0.0], [0.0, 0.0, 1.0, 0.0], [0.0, 0.0, 0.0, 1.0], [0.20075814425945282, 0.20075814425945282, 0.13617071509361267]], [[1.0, -0.0, 0.0, 0.0], [0.0, 1.0, -0.0, 0.0], [0.0, 0.0, 1.0, 0.0], [0.0, 0.0, 0.0, 1.0], [0.3429071307182312, 0.3429071307182312, 0.23258784413337708]], [[1.0, -0.0, 0.0, 0.0], [0.0, 1.0, -0.0, 0.0], [0.0, 0.0, 1.0, 0.0], [0.0, 0.0, 0.0, 1.0], [0.5139233469963074, 0.5139233469963074, 0.3485851287841797]], [[1.0, -0.0, 0.0, 0.0], [0.0, 1.0, -0.0, 0.0], [0.0, 0.0, 1.0, 0.0], [0.0, 0.0, 0.0, 1.0], [0.7085581421852112, 0.7085581421852112, 0.480602502822876]], [[1.0, -0.0, 0.0, 0.0], [0.0, 1.0, -0.0, 0.0], [0.0, 0.0, 1.0, 0.0], [0.0, 0.0, 0.0, 1.0], [0.9215630292892456, 0.9215630292892456, 0.6250799298286438]], [[1.0, -0.0, 0.0, 0.0], [0.0, 1.0, -0.0, 0.0], [0.0, 0.0, 1.0, 0.0], [0.0, 0.0, 0.0, 1.0], [1.1476893424987793, 1.1476893424987793, 0.7784573435783386]], [[1.0, -0.0, 0.0, 0.0], [0.0, 1.0, -0.0, 0.0], [0.0, 0.0, 1.0, 0.0], [0.0, 0.0, 0.0, 1.0], [1.3816883563995361, 1.3816883563995361, 0.9371748566627502]], [[1.0, -0.0, 0.0, 0.0], [0.0, 1.0, -0.0, 0.0], [0.0, 0.0, 1.0, 0.0], [0.0, 0.0, 0.0, 1.0], [1.6183117628097534, 1.6183117628097534, 1.0976723432540894]], [[1.0, -0.0, 0.0, 0.0], [0.0, 1.0, -0.0, 0.0], [0.0, 0.0, 1.0, 0.0], [0.0, 0.0, 0.0, 1.0], [1.852311134338379, 1.852311134338379, 1.25639009475708]], [[1.0, -0.0, 0.0, 0.0], [0.0, 1.0, -0.0, 0.0], [0.0, 0.0, 1.0, 0.0], [0.0, 0.0, 0.0, 1.0], [2.078437089920044, 2.078437089920044, 1.4097673892974854]], [[1.0, -0.0, 0.0, 0.0], [0.0, 1.0, -0.0, 0.0], [0.0, 0.0, 1.0, 0.0], [0.0, 0.0, 0.0, 1.0], [2.2914419174194336, 2.2914419174194336, 1.5542446374893188]], [[1.0, -0.0, 0.0, 0.0], [0.0, 1.0, -0.0, 0.0], [0.0, 0.0, 1.0, 0.0], [0.0, 0.0, 0.0, 1.0], [2.486076831817627, 2.486076831817627, 1.6862621307373047]], [[1.0, -0.0, 0.0, 0.0], [0.0, 1.0, -0.0, 0.0], [0.0, 0.0, 1.0, 0.0], [0.0, 0.0, 0.0, 1.0], [2.657092571258545, 2.657092571258545, 1.8022592067718506]], [[1.0, -0.0, 0.0, 0.0], [0.0, 1.0, -0.0, 0.0], [0.0, 0.0, 1.0, 0.0], [0.0, 0.0, 0.0, 1.0], [2.7992420196533203, 2.7992420196533203, 1.8986763954162598]], [[1.0, -0.0, 0.0, 0.0], [0.0, 1.0, -0.0, 0.0], [0.0, 0.0, 1.0, 0.0], [0.0, 0.0, 0.0, 1.0], [2.9072751998901367, 2.9072751998901367, 1.9719536304473877]], [[1.0, -0.0, 0.0, 0.0], [0.0, 1.0, -0.0, 0.0], [0.0, 0.0, 1.0, 0.0], [0.0, 0.0, 0.0, 1.0], [2.9759440422058105, 2.9759440422058105, 2.01853084564209]], [[1.0, -0.0, 0.0, 0.0], [0.0, 1.0, -0.0, 0.0], [0.0, 0.0, 1.0, 0.0], [0.0, 0.0, 0.0, 1.0], [3.0, 3.0, 2.0348470211029053]], [[1.0, -0.0, 0.0, 0.0], [0.0, 1.0, -0.0, 0.0], [0.0, 0.0, 1.0, 0.0], [0.0, 0.0, 0.0, 1.0], [2.974222183227539, 2.9362964630126953, 2.0089216232299805]], [[1.0, -0.0, 0.0, 0.0], [0.0, 1.0, -0.0, 0.0], [0.0, 0.0, 1.0, 0.0], [0.0, 0.0, 0.0, 1.0], [2.900444507598877, 2.7570371627807617, 1.9359685182571411]], [[1.0, -0.0, 0.0, 0.0], [0.0, 1.0, -0.0, 0.0], [0.0, 0.0, 1.0, 0.0], [0.0, 0.0, 0.0, 1.0], [2.7839999198913574, 2.4800000190734863, 1.8232229948043823]], [[1.0, -0.0, 0.0, 0.0], [0.0, 1.0, -0.0, 0.0], [0.0, 0.0, 1.0, 0.0], [0.0, 0.0, 0.0, 1.0], [2.6302220821380615, 2.122962713241577, 1.6779197454452515]], [[1.0, -0.0, 0.0, 0.0], [0.0, 1.0, -0.0, 0.0], [0.0, 0.0, 1.0, 0.0], [0.0, 0.0, 0.0, 1.0], [2.444444417953491, 1.7037036418914795, 1.5072940587997437]], [[1.0, -0.0, 0.0, 0.0], [0.0, 1.0, -0.0, 0.0], [0.0, 0.0, 1.0, 0.0], [0.0, 0.0, 0.0, 1.0], [2.2319998741149902, 1.2400000095367432, 1.3185808658599854]], [[1.0, -0.0, 0.0, 0.0], [0.0, 1.0, -0.0, 0.0], [0.0, 0.0, 1.0, 0.0], [0.0, 0.0, 0.0, 1.0], [1.9982223510742188, 0.7496296167373657, 1.1190152168273926]], [[1.0, -0.0, 0.0, 0.0], [0.0, 1.0, -0.0, 0.0], [0.0, 0.0, 1.0, 0.0], [0.0, 0.0, 0.0, 1.0], [1.7484443187713623, 0.2503699064254761, 0.9158317446708679]], [[1.0, -0.0, 0.0, 0.0], [0.0, 1.0, -0.0, 0.0], [0.0, 0.0, 1.0, 0.0], [0.0, 0.0, 0.0, 1.0], [1.4879999160766602, -0.23999977111816406, 0.7162662148475647]], [[1.0, -0.0, 0.0, 0.0], [0.0, 1.0, -0.0, 0.0], [0.0, 0.0, 1.0, 0.0], [0.0, 0.0, 0.0, 1.0], [1.2222219705581665, -0.7037036418914795, 0.5275527238845825]], [[1.0, -0.0, 0.0, 0.0], [0.0, 1.0, -0.0, 0.0], [0.0, 0.0, 1.0, 0.0], [0.0, 0.0, 0.0, 1.0], [0.956444501876831, -1.1229629516601562, 0.35692715644836426]], [[1.0, -0.0, 0.0, 0.0], [0.0, 1.0, -0.0, 0.0], [0.0, 0.0, 1.0, 0.0], [0.0, 0.0, 0.0, 1.0], [0.6959998607635498, -1.4800000190734863, 0.2116239070892334]], [[1.0, -0.0, 0.0, 0.0], [0.0, 1.0, -0.0, 0.0], [0.0, 0.0, 1.0, 0.0], [0.0, 0.0, 0.0, 1.0], [0.44622182846069336, -1.7570371627807617, 0.09887814521789551]], [[1.0, -0.0, 0.0, 0.0], [0.0, 1.0, -0.0, 0.0], [0.0, 0.0, 1.0, 0.0], [0.0, 0.0, 0.0, 1.0], [0.21244478225708008, -1.9362964630126953, 0.025925397872924805]], [[1.0, -0.0, 0.0, 0.0], [0.0, 1.0, -0.0, 0.0], [0.0, 0.0, 1.0, 0.0], [0.0, 0.0, 0.0, 1.0], [0.0, -2.0, 0.0]], [[1.0, -0.0, 0.0, 0.0], [0.0, 1.0, -0.0, 0.0], [0.0, 0.0, 1.0, 0.0], [0.0, 0.0, 0.0, 1.0], [-0.18696297705173492, -1.9490370750427246, 0.0]], [[1.0, -0.0, 0.0, 0.0], [0.0, 1.0, -0.0, 0.0], [0.0, 0.0, 1.0, 0.0], [0.0, 0.0, 0.0, 1.0], [-0.3490370512008667, -1.8056296110153198, 0.0]], [[1.0, -0.0, 0.0, 0.0], [0.0, 1.0, -0.0, 0.0], [0.0, 0.0, 1.0, 0.0], [0.0, 0.0, 0.0, 1.0], [-0.4880000054836273, -1.5839999914169312, 0.0]], [[1.0, -0.0, 0.0, 0.0], [0.0, 1.0, -0.0, 0.0], [0.0, 0.0, 1.0, 0.0], [0.0, 0.0, 0.0, 1.0], [-0.6056296825408936, -1.2983702421188354, 0.0]], [[1.0, -0.0, 0.0, 0.0], [0.0, 1.0, -0.0, 0.0], [0.0, 0.0, 1.0, 0.0], [0.0, 0.0, 0.0, 1.0], [-0.7037036418914795, -0.9629628658294678, 0.0]], [[1.0, -0.0, 0.0, 0.0], [0.0, 1.0, -0.0, 0.0], [0.0, 0.0, 1.0, 0.0], [0.0, 0.0, 0.0, 1.0], [-0.784000039100647, -0.5919999480247498, 0.0]], [[1.0, -0.0, 0.0, 0.0], [0.0, 1.0, -0.0, 0.0], [0.0, 0.0, 1.0, 0.0], [0.0, 0.0, 0.0, 1.0], [-0.8482962846755981, -0.19970381259918213, 0.0]], [[1.0, -0.0, 0.0, 0.0], [0.0, 1.0, -0.0, 0.0], [0.0, 0.0, 1.0, 0.0], [0.0, 0.0, 0.0, 1.0], [-0.8983703851699829, 0.19970405101776123, 0.0]], [[1.0, -0.0, 0.0, 0.0], [0.0, 1.0, -0.0, 0.0], [0.0, 0.0, 1.0, 0.0], [0.0, 0.0, 0.0, 1.0], [-0.9360000491142273, 0.5920000076293945, 0.0]], [[1.0, -0.0, 0.0, 0.0], [0.0, 1.0, -0.0, 0.0], [0.0, 0.0, 1.0, 0.0], [0.0, 0.0, 0.0, 1.0], [-0.9629628658294678, 0.962963342666626, 0.0]], [[1.0, -0.0, 0.0, 0.0], [0.0, 1.0, -0.0, 0.0], [0.0, 0.0, 1.0, 0.0], [0.0, 0.0, 0.0, 1.0], [-0.9810370802879333, 1.298370361328125, 0.0]], [[1.0, -0.0, 0.0, 0.0], [0.0, 1.0, -0.0, 0.0], [0.0, 0.0, 1.0, 0.0], [0.0, 0.0, 0.0, 1.0], [-0.9920000433921814, 1.5840001106262207, 0.0]], [[1.0, -0.0, 0.0, 0.0], [0.0, 1.0, -0.0, 0.0], [0.0, 0.0, 1.0, 0.0], [0.0, 0.0, 0.0, 1.0], [-0.9976293444633484, 1.8056302070617676, 0.0]], [[1.0, -0.0, 0.0, 0.0], [0.0, 1.0, -0.0, 0.0], [0.0, 0.0, 1.0, 0.0], [0.0, 0.0, 0.0, 1.0], [-0.9997037649154663, 1.9490365982055664, 0.0]], [[1.0, -0.0, 0.0, 0.0], [0.0, 1.0, -0.0, 0.0], [0.0, 0.0, 1.0, 0.0], [0.0, 0.0, 0.0, 1.0], [-1.0, 2.0, 0.0]], [[1.0, -0.0, 0.0, 0.0], [0.0, 1.0, -0.0, 0.0], [0.0, 0.0, 1.0, 0.0], [0.0, 0.0, 0.0, 1.0], [-0.9855000376701355, 1.9782499074935913, 0.044865887612104416]], [[1.0, -0.0, 0.0, 0.0], [0.0, 1.0, -0.0, 0.0], [0.0, 0.0, 1.0, 0.0], [0.0, 0.0, 0.0, 1.0], [-0.9440000057220459, 1.9160000085830688, 0.16664470732212067]], [[1.0, -0.0, 0.0, 0.0], [0.0, 1.0, -0.0, 0.0], [0.0, 0.0, 1.0, 0.0], [0.0, 0.0, 0.0, 1.0], [-0.8784999847412109, 1.8177498579025269, 0.34610819816589355]], [[1.0, -0.0, 0.0, 0.0], [0.0, 1.0, -0.0, 0.0], [0.0, 0.0, 1.0, 0.0], [0.0, 0.0, 0.0, 1.0], [-0.7919999957084656, 1.687999963760376, 